4.988658428192138672e-01,0.000000000000000000e+00
7.210584878921508789e-01,0.000000000000000000e+00
9.432458877563476562e-01,0.000000000000000000e+00
1.165434718132019043e+00,0.000000000000000000e+00
1.387627959251403809e+00,0.000000000000000000e+00
1.609825134277343750e+00,0.000000000000000000e+00
1.832026004791259766e+00,-9.986874373627410536e-33
2.054231405258178711e+00,-3.924609259316353699e-30
2.276442766189575195e+00,-1.823262982486982562e-29
2.498659849166870117e+00,-4.605816623945556777e-29
2.720881938934326172e+00,-8.780750358111325866e-29
2.943108320236206055e+00,-1.432169775265579785e-28
3.165338039398193359e+00,-2.098387581998633936e-28
3.387570858001708984e+00,-2.839974370063473602e-28
3.609806537628173828e+00,-3.643599454238157957e-28
3.832045316696166992e+00,-4.515025457657536660e-28
4.054286956787109375e+00,-5.466225405303379060e-28
4.276531696319580078e+00,-6.491533692761784005e-28
4.498779296875000000e+00,-7.571887946925692731e-28
4.721029758453369141e+00,-8.702216231286561453e-28
4.943284034729003906e+00,-9.887949668287562176e-28
5.165541172027587891e+00,-1.113509427046026650e-27
5.387802124023437500e+00,-1.244901182676984848e-27
5.610065937042236328e+00,-1.383323641866425869e-27
5.832333087921142578e+00,-1.528646708046606357e-27
6.054603576660156250e+00,-1.680398720974145877e-27
6.276876926422119141e+00,-1.837985627557698186e-27
6.499153614044189453e+00,-2.001385761085388928e-27
6.721433162689208984e+00,-2.171000292764633963e-27
6.943715572357177734e+00,-2.346769711360151727e-27
7.166001319885253906e+00,-2.528273393772088047e-27
7.388289451599121094e+00,-2.715038524199095857e-27
7.610580921173095703e+00,-2.906094048763215112e-27
7.832875251770019531e+00,-3.100182142617766508e-27
8.055172920227050781e+00,-3.296621219155431404e-27
8.277472496032714844e+00,-3.495193455699499601e-27
8.499774932861328125e+00,-3.695825281726095509e-27
8.722081184387207031e+00,-3.897829525431061761e-27
8.944389343261718750e+00,-4.100077591866987437e-27
9.166701316833496094e+00,-4.301951642707713112e-27
9.389015197753906250e+00,-4.503245218263200474e-27
9.611331939697265625e+00,-4.703837755318930882e-27
9.833651542663574219e+00,-4.903278586267917723e-27
1.005597400665283203e+01,-5.100863205936504147e-27
1.027829837799072266e+01,-5.296096650328982632e-27
1.050062656402587891e+01,-5.488686948465784075e-27
1.072295665740966797e+01,-5.678424944354948022e-27
1.094528961181640625e+01,-5.865284445349230807e-27
1.116762447357177734e+01,-6.049358666457940770e-27
1.138996219635009766e+01,-6.230617177987956595e-27
1.161230278015136719e+01,-6.408911683333560464e-27
1.183464622497558594e+01,-6.584035722804714065e-27
1.205699157714843750e+01,-6.755589858530951486e-27
1.227933979034423828e+01,-6.923054859799265928e-27
1.250168991088867188e+01,-7.086060177688357286e-27
1.272404289245605469e+01,-7.244384715440609906e-27
1.294639873504638672e+01,-7.397882102380250359e-27
1.316875648498535156e+01,-7.546158678426645892e-27
1.339111709594726562e+01,-7.688655923895924208e-27
1.361347961425781250e+01,-7.825096504876093545e-27
1.383584403991699219e+01,-7.955443443512221668e-27
1.405821132659912109e+01,-8.079756058446595703e-27
1.428058147430419922e+01,-8.197676126709559625e-27
1.450295257568359375e+01,-8.308552683979910548e-27
1.472532749176025391e+01,-8.412130737133011602e-27
1.494770336151123047e+01,-8.508498878946304599e-27
1.517008209228515625e+01,-8.597876665433449686e-27
1.539246273040771484e+01,-8.680034525745075903e-27
1.561484622955322266e+01,-8.754423184661044010e-27
1.583723163604736328e+01,-8.820907056713269147e-27
1.605961990356445312e+01,-8.879717253495077781e-27
1.628200912475585938e+01,-8.931218160951947977e-27
1.650440025329589844e+01,-8.975216415717463258e-27
1.672679519653320312e+01,-9.011114979508863579e-27
1.694919013977050781e+01,-9.038831422524529168e-27
1.717158889770507812e+01,-9.058733982569826863e-27
1.739398956298828125e+01,-9.071363460773140601e-27
1.761639022827148438e+01,-9.076843116650911164e-27
1.783879470825195312e+01,-9.074982668324633094e-27
1.806120109558105469e+01,-9.065975479160722870e-27
1.828360939025878906e+01,-9.050337698384276270e-27
1.850601959228515625e+01,5.372393849234491370e-11
1.872843170166015625e+01,2.505193918977965950e-08
1.895084571838378906e+01,1.164846636925176426e-07
1.917326354980468750e+01,2.939140415492147440e-07
1.939568138122558594e+01,5.578898480962379836e-07
1.961810111999511719e+01,9.025902727444190532e-07
1.984052276611328125e+01,1.573822373757138848e-06
2.006294631958007812e+01,2.986800382132059895e-06
2.028537178039550781e+01,5.333745775715215132e-06
2.050779914855957031e+01,8.613728823547717184e-06
2.073022842407226562e+01,1.275726026506163180e-05
2.095265960693359375e+01,1.826398147386498749e-05
2.117509269714355469e+01,2.602667700557503849e-05
2.139752769470214844e+01,3.642820593086071312e-05
2.161996459960937500e+01,4.941129373037256300e-05
2.184240341186523438e+01,6.476492126239463687e-05
2.206484222412109375e+01,8.295360021293163300e-05
2.228728485107421875e+01,1.049240818247199059e-04
2.250972938537597656e+01,1.310188818024471402e-04
2.273217391967773438e+01,1.610612671356648207e-04
2.295462036132812500e+01,1.946995616890490055e-04
2.317706871032714844e+01,2.318597835255786777e-04
2.339951896667480469e+01,2.726931998040527105e-04
2.362197113037109375e+01,3.171147545799612999e-04
2.384442520141601562e+01,3.648401470854878426e-04
2.406688117980957031e+01,4.155311034992337227e-04
2.428933715820312500e+01,4.680841229856014252e-04
2.451179504394531250e+01,5.209062946960330009e-04
2.473425674438476562e+01,5.731194978579878807e-04
2.495671844482421875e+01,6.244677933864295483e-04
2.517918014526367188e+01,6.749329622834920883e-04
2.540164566040039062e+01,7.221187115646898746e-04
2.562411117553710938e+01,7.620060932822525501e-04
2.584658050537109375e+01,7.927427068352699280e-04
2.606904983520507812e+01,8.143482846207916737e-04
2.629152107238769531e+01,8.275091531686484814e-04
2.651399230957031250e+01,8.286307565867900848e-04
2.673646736145019531e+01,8.111338247545063496e-04
2.695894241333007812e+01,7.722882437519729137e-04
2.718141937255859375e+01,7.126820273697376251e-04
2.740389633178710938e+01,6.340490654110908508e-04
2.762637519836425781e+01,5.320813506841659546e-04
2.784885787963867188e+01,3.981965419370681047e-04
2.807133865356445312e+01,2.291792916366830468e-04
2.829382324218750000e+01,2.643028528837021440e-05
2.851630783081054688e+01,-2.070923801511526108e-04
2.873879432678222656e+01,-4.755809204652905464e-04
2.896128082275390625e+01,-7.883524522185325623e-04
2.918376922607421875e+01,-1.148462877608835697e-03
2.940625953674316406e+01,-1.553592970594763756e-03
2.962874984741210938e+01,-1.999654341489076614e-03
2.985124206542968750e+01,-2.489629900082945824e-03
3.007373619079589844e+01,-3.031652653589844704e-03
3.029623031616210938e+01,-3.627786180004477501e-03
3.051872444152832031e+01,-4.274895414710044861e-03
3.074122047424316406e+01,-4.968191962689161301e-03
3.096371841430664062e+01,-5.708168260753154755e-03
3.118621635437011719e+01,-6.499286275357007980e-03
3.140871620178222656e+01,-7.341658230870962143e-03
3.163121604919433594e+01,-8.231686428189277649e-03
3.185371780395507812e+01,-9.164681658148765564e-03
3.207622146606445312e+01,-1.013723853975534439e-02
3.229872512817382812e+01,-1.114716660231351852e-02
3.252122879028320312e+01,-1.219158340245485306e-02
3.274373245239257812e+01,-1.326706167310476303e-02
3.296623992919921875e+01,-1.437019649893045425e-02
3.318874740600585938e+01,-1.549220643937587738e-02
3.341125869750976562e+01,-1.662085764110088348e-02
3.363376617431640625e+01,-1.774920895695686340e-02
3.385627746582031250e+01,-1.887491345405578613e-02
3.407879257202148438e+01,-1.999742537736892700e-02
3.430130386352539062e+01,-2.110115997493267059e-02
3.452381896972656250e+01,-2.216026186943054199e-02
3.474633789062500000e+01,-2.316271886229515076e-02
3.496885299682617188e+01,-2.410846389830112457e-02
3.519137191772460938e+01,-2.500168234109878540e-02
3.541389465332031250e+01,-2.581889927387237549e-02
3.563641357421875000e+01,-2.651742286980152130e-02
3.585893249511718750e+01,-2.707945927977561951e-02
3.608145523071289062e+01,-2.750853262841701508e-02
3.630397796630859375e+01,-2.781551890075206757e-02
3.652649688720703125e+01,-2.796884253621101379e-02
3.674901580810546875e+01,-2.790730260312557220e-02
3.697153472900390625e+01,-2.760731987655162811e-02
3.719404983520507812e+01,-2.707715705037117004e-02
3.741656112670898438e+01,-2.633586525917053223e-02
3.763906860351562500e+01,-2.534541673958301544e-02
3.786157226562500000e+01,-2.402798831462860107e-02
3.808406448364257812e+01,-2.235567197203636169e-02
3.830655288696289062e+01,-2.034196071326732635e-02
3.852902984619140625e+01,-1.801422238349914551e-02
3.875149536132812500e+01,-1.533182803541421890e-02
3.897394943237304688e+01,-1.220683008432388306e-02
3.919638061523437500e+01,-8.609763346612453461e-03
3.941880035400390625e+01,-4.558529704809188843e-03
3.964120101928710938e+01,-8.692120172781869769e-05
3.986357879638671875e+01,4.843547474592924118e-03
4.008592605590820312e+01,1.032168418169021606e-02
4.030824661254882812e+01,1.637511327862739563e-02
4.053053665161132812e+01,2.298303879797458649e-02
4.075279235839843750e+01,3.010814264416694641e-02
4.097501754760742188e+01,3.778322786092758179e-02
4.119719696044921875e+01,4.609008878469467163e-02
4.141933059692382812e+01,5.505200475454330444e-02
4.164142227172851562e+01,6.464669108390808105e-02
4.186346435546875000e+01,7.483582198619842529e-02
4.208546066284179688e+01,8.564515411853790283e-02
4.230739593505859375e+01,9.714546054601669312e-02
4.252927017211914062e+01,1.093546673655509949e-01
4.275108337402343750e+01,1.222497820854187012e-01
4.297283935546875000e+01,1.357928067445755005e-01
4.319453048706054688e+01,1.500025987625122070e-01
4.341614913940429688e+01,1.649382114410400391e-01
4.363769149780273438e+01,1.806122362613677979e-01
4.385916137695312500e+01,1.970010250806808472e-01
4.408056259155273438e+01,2.140670120716094971e-01
4.430188751220703125e+01,2.318227738142013550e-01
4.452312850952148438e+01,2.503165900707244873e-01
4.474428558349609375e+01,2.695559561252593994e-01
4.496535873413085938e+01,2.895160019397735596e-01
4.518635559082031250e+01,3.101589977741241455e-01
4.540727233886718750e+01,3.314915895462036133e-01
4.562809753417968750e+01,3.535523414611816406e-01
4.584883117675781250e+01,3.763436377048492432e-01
4.606948471069335938e+01,3.998385965824127197e-01
4.629005432128906250e+01,4.239983558654785156e-01
4.651054382324218750e+01,4.488234519958496094e-01
4.673094558715820312e+01,4.743430614471435547e-01
4.695125961303710938e+01,5.005541443824768066e-01
4.717148971557617188e+01,5.274268388748168945e-01
4.739164352416992188e+01,5.549206137657165527e-01
4.761172485351562500e+01,5.830292105674743652e-01
4.783172607421875000e+01,6.117717027664184570e-01
4.805164718627929688e+01,6.411390304565429688e-01
4.827149963378906250e+01,6.710984110832214355e-01
4.849128723144531250e+01,7.016078829765319824e-01
4.871100997924804688e+01,7.326537370681762695e-01
4.893067169189453125e+01,7.642440199851989746e-01
4.915026855468750000e+01,7.963636517524719238e-01
4.936980819702148438e+01,8.289781808853149414e-01
4.958930587768554688e+01,8.620464205741882324e-01
4.980875396728515625e+01,8.955485224723815918e-01
5.002816009521484375e+01,9.294811487197875977e-01
5.024752426147460938e+01,9.638251066207885742e-01
5.046685028076171875e+01,9.985476136207580566e-01
5.068614959716796875e+01,1.033611893653869629e+00
5.090542602539062500e+01,1.068995237350463867e+00
5.112467575073242188e+01,1.104685425758361816e+00
5.134390258789062500e+01,1.140662193298339844e+00
5.156311416625976562e+01,1.176898241043090820e+00
5.178231811523437500e+01,1.213364958763122559e+00
5.200151062011718750e+01,1.250039935111999512e+00
5.222069931030273438e+01,1.286906123161315918e+00
5.243988800048828125e+01,1.323944926261901855e+00
5.265907669067382812e+01,1.361136198043823242e+00
5.287826919555664062e+01,1.398461103439331055e+00
5.309747314453125000e+01,1.435899019241333008e+00
5.331668472290039062e+01,1.473429322242736816e+00
5.353591156005859375e+01,1.511035442352294922e+00
5.375515747070312500e+01,1.548704981803894043e+00
5.397441864013671875e+01,1.586427450180053711e+00
5.419369888305664062e+01,1.624182939529418945e+00
5.441300582885742188e+01,1.661945104598999023e+00
5.463234329223632812e+01,1.699698090553283691e+00
5.485170745849609375e+01,1.737435936927795410e+00
5.507109832763671875e+01,1.775155901908874512e+00
5.529052352905273438e+01,1.812835574150085449e+00
5.550998687744140625e+01,1.850439190864562988e+00
5.572948837280273438e+01,1.887949585914611816e+00
5.594903564453125000e+01,1.925365924835205078e+00
5.616861724853515625e+01,1.962693333625793457e+00
5.638824081420898438e+01,1.999904870986938477e+00
5.660791397094726562e+01,2.036951780319213867e+00
5.682764053344726562e+01,2.073813915252685547e+00
5.704742050170898438e+01,2.110495805740356445e+00
5.726725006103515625e+01,2.147010326385498047e+00
5.748712921142578125e+01,2.183325529098510742e+00
5.770706558227539062e+01,2.219379425048828125e+00
5.792707061767578125e+01,2.255148649215698242e+00
5.814714050292968750e+01,2.290642976760864258e+00
5.836726379394531250e+01,2.325882673263549805e+00
5.858744812011718750e+01,2.360833168029785156e+00
5.880770111083984375e+01,2.395420789718627930e+00
5.902802658081054688e+01,2.429620265960693359e+00
5.924842453002929688e+01,2.463446378707885742e+00
5.946888351440429688e+01,2.496926069259643555e+00
5.968940734863281250e+01,2.530024051666259766e+00
5.991000747680664062e+01,2.562660455703735352e+00
6.013068389892578125e+01,2.594809532165527344e+00
6.035143661499023438e+01,2.626489877700805664e+00
6.057225036621093750e+01,2.657734155654907227e+00
6.079313278198242188e+01,2.688508033752441406e+00
6.101409149169921875e+01,2.718730926513671875e+00
6.123512268066406250e+01,2.748378992080688477e+00
6.145623016357421875e+01,2.777472972869873047e+00
6.167739868164062500e+01,2.806048631668090820e+00
6.189863204956054688e+01,2.834075689315795898e+00
6.211993408203125000e+01,2.861477136611938477e+00
6.234130477905273438e+01,2.888231754302978516e+00
6.256274414062500000e+01,2.914362430572509766e+00
6.278424072265625000e+01,2.939905643463134766e+00
6.300579071044921875e+01,2.964836359024047852e+00
6.322740173339843750e+01,2.989085197448730469e+00
6.344907379150390625e+01,3.012634515762329102e+00
6.367080307006835938e+01,3.035508155822753906e+00
6.389257812500000000e+01,3.057742834091186523e+00
6.411440277099609375e+01,3.079319238662719727e+00
6.433627319335937500e+01,3.100177764892578125e+00
6.455818939208984375e+01,3.120305776596069336e+00
6.478015136718750000e+01,3.139727354049682617e+00
6.500215148925781250e+01,3.158479690551757812e+00
6.522418212890625000e+01,3.176550149917602539e+00
6.544625091552734375e+01,3.193890094757080078e+00
6.566835784912109375e+01,3.210492610931396484e+00
6.589048767089843750e+01,3.226383447647094727e+00
6.611264801025390625e+01,3.241599798202514648e+00
6.633483886718750000e+01,3.256137371063232422e+00
6.655704498291015625e+01,3.269960403442382812e+00
6.677927398681640625e+01,3.283068656921386719e+00
6.700152587890625000e+01,3.295490503311157227e+00
6.722379302978515625e+01,3.307265043258666992e+00
6.744607543945312500e+01,3.318397283554077148e+00
6.766837310791015625e+01,3.328867673873901367e+00
6.789068603515625000e+01,3.338684082031250000e+00
6.811300659179687500e+01,3.347878932952880859e+00
6.833534240722656250e+01,3.356492757797241211e+00
6.855768585205078125e+01,3.364542961120605469e+00
6.878003692626953125e+01,3.372028112411499023e+00
6.900239562988281250e+01,3.378966808319091797e+00
6.922476196289062500e+01,3.385393857955932617e+00
6.944714355468750000e+01,3.391349554061889648e+00
6.966952514648437500e+01,3.396861791610717773e+00
6.989190673828125000e+01,3.401947975158691406e+00
7.011430358886718750e+01,3.406634330749511719e+00
7.033670043945312500e+01,3.410953998565673828e+00
7.055910491943359375e+01,3.414941549301147461e+00
7.078150939941406250e+01,3.418627977371215820e+00
7.100392150878906250e+01,3.422041654586791992e+00
7.122634124755859375e+01,3.425208806991577148e+00
7.144876098632812500e+01,3.428155422210693359e+00
7.167118072509765625e+01,3.430905103683471680e+00
7.189360809326171875e+01,3.433482885360717773e+00
7.211603546142578125e+01,3.435914516448974609e+00
7.233846282958984375e+01,3.438220262527465820e+00
7.256089782714843750e+01,3.440415859222412109e+00
7.278333282470703125e+01,3.442514181137084961e+00
7.300577545166015625e+01,3.444529294967651367e+00
7.322821807861328125e+01,3.446476221084594727e+00
7.345066070556640625e+01,3.448365926742553711e+00
7.367310333251953125e+01,3.450206041336059570e+00
7.389555358886718750e+01,3.452002525329589844e+00
7.411800384521484375e+01,3.453759670257568359e+00
7.434045410156250000e+01,3.455479860305786133e+00
7.456291198730468750e+01,3.457166433334350586e+00
7.478536224365234375e+01,3.458822727203369141e+00
7.500782775878906250e+01,3.460451602935791016e+00
7.523028564453125000e+01,3.462051391601562500e+00
7.545275115966796875e+01,3.463615655899047852e+00
7.567521667480468750e+01,3.465142726898193359e+00
7.589768218994140625e+01,3.466634988784790039e+00
7.612014770507812500e+01,3.468095302581787109e+00
7.634262084960937500e+01,3.469519615173339844e+00
7.656509399414062500e+01,3.470897912979125977e+00
7.678756713867187500e+01,3.472227811813354492e+00
7.701004028320312500e+01,3.473510980606079102e+00
7.723252105712890625e+01,3.474751949310302734e+00
7.745500183105468750e+01,3.475947141647338867e+00
7.767748260498046875e+01,3.477087974548339844e+00
7.789997100830078125e+01,3.478172063827514648e+00
7.812245178222656250e+01,3.479202747344970703e+00
7.834494018554687500e+01,3.480184793472290039e+00
7.856742858886718750e+01,3.481117010116577148e+00
7.878992462158203125e+01,3.481994152069091797e+00
7.901241302490234375e+01,3.482815265655517578e+00
7.923490905761718750e+01,3.483584403991699219e+00
7.945740509033203125e+01,3.484306335449218750e+00
7.967990112304687500e+01,3.484981775283813477e+00
7.990240478515625000e+01,3.485608816146850586e+00
8.012490081787109375e+01,3.486188173294067383e+00
8.034740447998046875e+01,3.486723423004150391e+00
8.056990814208984375e+01,3.487219095230102539e+00
8.079241180419921875e+01,3.487676620483398438e+00
8.101491546630859375e+01,3.488096475601196289e+00
8.123742675781250000e+01,3.488479852676391602e+00
8.145993804931640625e+01,3.488829851150512695e+00
8.168244934082031250e+01,3.489150285720825195e+00
8.190496063232421875e+01,3.489442586898803711e+00
8.212747192382812500e+01,3.489708185195922852e+00
8.234998321533203125e+01,3.489948749542236328e+00
8.257250213623046875e+01,3.490166425704956055e+00
8.279502105712890625e+01,3.490363836288452148e+00
8.301753997802734375e+01,3.490542888641357422e+00
8.324005889892578125e+01,3.490705013275146484e+00
8.346257781982421875e+01,3.490852355957031250e+00
8.368509674072265625e+01,3.490986108779907227e+00
8.390762329101562500e+01,3.491107702255249023e+00
8.413014984130859375e+01,3.491219758987426758e+00
8.435267639160156250e+01,3.491324186325073242e+00
8.457520294189453125e+01,3.491423368453979492e+00
8.479772949218750000e+01,3.491517782211303711e+00
8.502025604248046875e+01,3.491608142852783203e+00
8.524279022216796875e+01,3.491697072982788086e+00
8.546531677246093750e+01,3.491788625717163086e+00
8.568785095214843750e+01,3.491884946823120117e+00
8.591038513183593750e+01,3.491986274719238281e+00
8.613291931152343750e+01,3.492092370986938477e+00
8.635546112060546875e+01,3.492206335067749023e+00
8.657799530029296875e+01,3.492334365844726562e+00
8.680053710937500000e+01,3.492479085922241211e+00
8.702307128906250000e+01,3.492640018463134766e+00
8.724561309814453125e+01,3.492815494537353516e+00
8.746815490722656250e+01,3.493010044097900391e+00
8.769069671630859375e+01,3.493231058120727539e+00
8.791324615478515625e+01,3.493481636047363281e+00
8.813578796386718750e+01,3.493760585784912109e+00
8.835833740234375000e+01,3.494065284729003906e+00
8.858087921142578125e+01,3.494399785995483398e+00
8.880342864990234375e+01,3.494773149490356445e+00
8.902597808837890625e+01,3.495187759399414062e+00
8.924852752685546875e+01,3.495642185211181641e+00
8.947107696533203125e+01,3.496132373809814453e+00
8.969362640380859375e+01,3.496661663055419922e+00
8.991618347167968750e+01,3.497237920761108398e+00
9.013873291015625000e+01,3.497863769531250000e+00
9.036128997802734375e+01,3.498535871505737305e+00
9.058383941650390625e+01,3.499250411987304688e+00
9.080639648437500000e+01,3.500007867813110352e+00
9.102895355224609375e+01,3.500813484191894531e+00
9.125151062011718750e+01,3.501667976379394531e+00
9.147406768798828125e+01,3.502568006515502930e+00
9.169663238525390625e+01,3.503508806228637695e+00
9.191918945312500000e+01,3.504487991333007812e+00
9.214174652099609375e+01,3.505504608154296875e+00
9.236431121826171875e+01,3.506556510925292969e+00
9.258687591552734375e+01,3.507640123367309570e+00
9.280943298339843750e+01,3.508752346038818359e+00
9.303199768066406250e+01,3.509885311126708984e+00
9.325456237792968750e+01,3.511028528213500977e+00
9.347713470458984375e+01,3.512176275253295898e+00
9.369969940185546875e+01,3.513325929641723633e+00
9.392226409912109375e+01,3.514476299285888672e+00
9.414483642578125000e+01,3.515613317489624023e+00
9.436740875244140625e+01,3.516713142395019531e+00
9.458998107910156250e+01,3.517765283584594727e+00
9.481255340576171875e+01,3.518769264221191406e+00
9.503512573242187500e+01,3.519727945327758789e+00
9.525769805908203125e+01,3.520619630813598633e+00
9.548027801513671875e+01,3.521404266357421875e+00
9.570285034179687500e+01,3.522064924240112305e+00
9.592543029785156250e+01,3.522604465484619141e+00
9.614801025390625000e+01,3.523033142089843750e+00
9.637058258056640625e+01,3.523319959640502930e+00
9.659316253662109375e+01,3.523406982421875000e+00
9.681573486328125000e+01,3.523270845413208008e+00
9.703830718994140625e+01,3.522919654846191406e+00
9.726087951660156250e+01,3.522371053695678711e+00
9.748344421386718750e+01,3.521587610244750977e+00
9.770600128173828125e+01,3.520493268966674805e+00
9.792855834960937500e+01,3.519060611724853516e+00
9.815110015869140625e+01,3.517302274703979492e+00
9.837364196777343750e+01,3.515244722366333008e+00
9.859616851806640625e+01,3.512846708297729492e+00
9.881868743896484375e+01,3.510020732879638672e+00
9.904118347167968750e+01,3.506736993789672852e+00
9.926366424560546875e+01,3.503012418746948242e+00
9.948612976074218750e+01,3.498880147933959961e+00
9.970858001708984375e+01,3.494300365447998047e+00
9.993099212646484375e+01,3.489183425903320312e+00
1.001533813476562500e+02,3.483501195907592773e+00
1.003757476806640625e+02,3.477273702621459961e+00
1.005980758666992188e+02,3.470537662506103516e+00
1.008203735351562500e+02,3.463259696960449219e+00
1.010426330566406250e+02,3.455356359481811523e+00
1.012648391723632812e+02,3.446804046630859375e+00
1.014870071411132812e+02,3.437624216079711914e+00
1.017091293334960938e+02,3.427855491638183594e+00
1.019312057495117188e+02,3.417470932006835938e+00
1.021532211303710938e+02,3.406398773193359375e+00
1.023751831054687500e+02,3.394620656967163086e+00
1.025970764160156250e+02,3.382158994674682617e+00
1.028189239501953125e+02,3.369051933288574219e+00
1.030406951904296875e+02,3.355279922485351562e+00
1.032624053955078125e+02,3.340783119201660156e+00
1.034840316772460938e+02,3.325548171997070312e+00
1.037055969238281250e+02,3.309598922729492188e+00
1.039270858764648438e+02,3.292972803115844727e+00
1.041485061645507812e+02,3.275656938552856445e+00
1.043698348999023438e+02,3.257602214813232422e+00
1.045910873413085938e+02,3.238801002502441406e+00
1.048122558593750000e+02,3.219278097152709961e+00
1.050333480834960938e+02,3.199070930480957031e+00
1.052543563842773438e+02,3.178173065185546875e+00
1.054752807617187500e+02,3.156545639038085938e+00
1.056961059570312500e+02,3.134186029434204102e+00
1.059168548583984375e+02,3.111121177673339844e+00
1.061375274658203125e+02,3.087389707565307617e+00
1.063581161499023438e+02,3.062991380691528320e+00
1.065786132812500000e+02,3.037896871566772461e+00
1.067990188598632812e+02,3.012109756469726562e+00
1.070193481445312500e+02,2.985659122467041016e+00
1.072396011352539062e+02,2.958585500717163086e+00
1.074597854614257812e+02,2.930895328521728516e+00
1.076798782348632812e+02,2.902570009231567383e+00
1.078998947143554688e+02,2.873618602752685547e+00
1.081198425292968750e+02,2.844073772430419922e+00
1.083397216796875000e+02,2.813976287841796875e+00
1.085595397949218750e+02,2.783339977264404297e+00
1.087792892456054688e+02,2.752157449722290039e+00
1.089989776611328125e+02,2.720443248748779297e+00
1.092186050415039062e+02,2.688231229782104492e+00
1.094381866455078125e+02,2.655561208724975586e+00
1.096577148437500000e+02,2.622452259063720703e+00
1.098772048950195312e+02,2.588907957077026367e+00
1.100966415405273438e+02,2.554946422576904297e+00
1.103160400390625000e+02,2.520599603652954102e+00
1.105354080200195312e+02,2.485902309417724609e+00
1.107547454833984375e+02,2.450876235961914062e+00
1.109740600585937500e+02,2.415532588958740234e+00
1.111933441162109375e+02,2.379890680313110352e+00
1.114126052856445312e+02,2.343976259231567383e+00
1.116318588256835938e+02,2.307816982269287109e+00
1.118510894775390625e+02,2.271433591842651367e+00
1.120703201293945312e+02,2.234842538833618164e+00
1.122895355224609375e+02,2.198060989379882812e+00
1.125087509155273438e+02,2.161108255386352539e+00
1.127279663085937500e+02,2.124002456665039062e+00
1.129471817016601562e+02,2.086763858795166016e+00
1.131664047241210938e+02,2.049412250518798828e+00
1.133856353759765625e+02,2.011963844299316406e+00
1.136048812866210938e+02,1.974430799484252930e+00
1.138241348266601562e+02,1.936822891235351562e+00
1.140434036254882812e+02,1.899160623550415039e+00
1.142626876831054688e+02,1.861470818519592285e+00
1.144819946289062500e+02,1.823769211769104004e+00
1.147013320922851562e+02,1.786061882972717285e+00
1.149206848144531250e+02,1.748351335525512695e+00
1.151400680541992188e+02,1.710660576820373535e+00
1.153594818115234375e+02,1.673027038574218750e+00
1.155789337158203125e+02,1.635468244552612305e+00
1.157984237670898438e+02,1.597984790802001953e+00
1.160179443359375000e+02,1.560571551322937012e+00
1.162374954223632812e+02,1.523256063461303711e+00
1.164570999145507812e+02,1.486088991165161133e+00
1.166767501831054688e+02,1.449091076850891113e+00
1.168964462280273438e+02,1.412257432937622070e+00
1.171161880493164062e+02,1.375575065612792969e+00
1.173359756469726562e+02,1.339075922966003418e+00
1.175558242797851562e+02,1.302824378013610840e+00
1.177757263183593750e+02,1.266843914985656738e+00
1.179956893920898438e+02,1.231124639511108398e+00
1.182157058715820312e+02,1.195645451545715332e+00
1.184357833862304688e+02,1.160441637039184570e+00
1.186559219360351562e+02,1.125588059425354004e+00
1.188761291503906250e+02,1.091110229492187500e+00
1.190963973999023438e+02,1.056993365287780762e+00
1.193167343139648438e+02,1.023209571838378906e+00
1.195371322631835938e+02,9.897948503494262695e-01
1.197575912475585938e+02,9.568300843238830566e-01
1.199781341552734375e+02,9.243411421775817871e-01
1.201987457275390625e+02,8.923091292381286621e-01
1.204194183349609375e+02,8.607015013694763184e-01
1.206401519775390625e+02,8.295522332191467285e-01
1.208609619140625000e+02,7.989432811737060547e-01
1.210818405151367188e+02,7.688990235328674316e-01
1.213027954101562500e+02,7.393981218338012695e-01
1.215238037109375000e+02,7.104049921035766602e-01
1.217448730468750000e+02,6.819502115249633789e-01
1.219660110473632812e+02,6.541118621826171875e-01
1.221872177124023438e+02,6.269115209579467773e-01
1.224084930419921875e+02,6.003265976905822754e-01
1.226298141479492188e+02,5.743204355239868164e-01
1.228511962890625000e+02,5.489186048507690430e-01
1.230726318359375000e+02,5.241919755935668945e-01
1.232941284179687500e+02,5.001584291458129883e-01
1.235156860351562500e+02,4.767946898937225342e-01
1.237372817993164062e+02,4.540640711784362793e-01
1.239589233398437500e+02,4.319864511489868164e-01
1.241806106567382812e+02,4.106230735778808594e-01
1.244023437500000000e+02,3.899873495101928711e-01
1.246241226196289062e+02,3.700554072856903076e-01
1.248459396362304688e+02,3.507906794548034668e-01
1.250677871704101562e+02,3.322065174579620361e-01
1.252896652221679688e+02,3.143531978130340576e-01
1.255115814208984375e+02,2.972388267517089844e-01
1.257335281372070312e+02,2.808382213115692139e-01
1.259554977416992188e+02,2.651142776012420654e-01
1.261774902343750000e+02,2.500726878643035889e-01
1.263995132446289062e+02,2.357512712478637695e-01
1.266215515136718750e+02,2.221515476703643799e-01
1.268436126708984375e+02,2.092456966638565063e-01
1.270656890869140625e+02,1.969950348138809204e-01
1.272877807617187500e+02,1.853956878185272217e-01
1.275098876953125000e+02,1.744702160358428955e-01
1.277320098876953125e+02,1.642116159200668335e-01
1.279541473388671875e+02,1.545881479978561401e-01
1.281763000488281250e+02,1.455590426921844482e-01
1.283984527587890625e+02,1.371084004640579224e-01
1.286206207275390625e+02,1.292398720979690552e-01
1.288427886962890625e+02,1.219360753893852234e-01
1.290649719238281250e+02,1.151618808507919312e-01
1.292871704101562500e+02,1.088761538267135620e-01
1.295093688964843750e+02,1.030512675642967224e-01
1.297315826416015625e+02,9.767091274261474609e-02
1.299537963867187500e+02,9.270891547203063965e-02
1.301760101318359375e+02,8.813095092773437500e-02
1.303982391357421875e+02,8.390106260776519775e-02
1.306204681396484375e+02,7.998675853013992310e-02
1.308427124023437500e+02,7.635933905839920044e-02
1.310649566650390625e+02,7.299084216356277466e-02
1.312872161865234375e+02,6.985427439212799072e-02
1.315094604492187500e+02,6.692460924386978149e-02
1.317317199707031250e+02,6.417495012283325195e-02
1.319539794921875000e+02,6.157789751887321472e-02
1.321762542724609375e+02,5.911172926425933838e-02
1.323985290527343750e+02,5.675984546542167664e-02
1.326208038330078125e+02,5.450856685638427734e-02
1.328430786132812500e+02,5.234271287918090820e-02
1.330653686523437500e+02,5.024623870849609375e-02
1.332876434326171875e+02,4.820735380053520203e-02
1.335099334716796875e+02,4.621794074773788452e-02
1.337322235107421875e+02,4.427177086472511292e-02
1.339545288085937500e+02,4.236477613449096680e-02
1.341768188476562500e+02,4.049431532621383667e-02
1.343991241455078125e+02,3.865734487771987915e-02
1.346214294433593750e+02,3.685044124722480774e-02
1.348437347412109375e+02,3.507028147578239441e-02
1.350660400390625000e+02,3.331967815756797791e-02
1.352883605957031250e+02,3.160565346479415894e-02
1.355106811523437500e+02,2.993037551641464233e-02
1.357330017089843750e+02,2.829181402921676636e-02
1.359553222656250000e+02,2.668657712638378143e-02
1.361776428222656250e+02,2.511968463659286499e-02
1.363999633789062500e+02,2.360209636390209198e-02
1.366222991943359375e+02,2.213751897215843201e-02
1.368446350097656250e+02,2.072342857718467712e-02
1.370669708251953125e+02,1.935524120926856995e-02
1.372893066406250000e+02,1.803684234619140625e-02
1.375116577148437500e+02,1.677824370563030243e-02
1.377339935302734375e+02,1.558216009289026260e-02
1.379563446044921875e+02,1.444505155086517334e-02
1.381786956787109375e+02,1.336137764155864716e-02
1.384010467529296875e+02,1.233243849128484726e-02
1.386233978271484375e+02,1.136461459100246429e-02
1.388457489013671875e+02,1.045859232544898987e-02
1.390681152343750000e+02,9.610187262296676636e-03
1.392904815673828125e+02,8.813759312033653259e-03
1.395128479003906250e+02,8.068159222602844238e-03
1.397352142333984375e+02,7.375680375844240189e-03
1.399575805664062500e+02,6.735153961926698685e-03
1.401799468994140625e+02,6.142468191683292389e-03
1.404023284912109375e+02,5.592734552919864655e-03
1.406247100830078125e+02,5.083360709249973297e-03
1.408470916748046875e+02,4.613607190549373627e-03
1.410694732666015625e+02,4.181269556283950806e-03
1.412918548583984375e+02,3.782915649935603142e-03
1.415142364501953125e+02,3.414905862882733345e-03
1.417366333007812500e+02,3.074396168813109398e-03
1.419590148925781250e+02,2.759258728474378586e-03
1.421814117431640625e+02,2.467181300744414330e-03
1.424038085937500000e+02,2.195714507251977921e-03
1.426262054443359375e+02,1.942525501362979412e-03
1.428486022949218750e+02,1.705368864350020885e-03
1.430710144042968750e+02,1.482142135500907898e-03
1.432934112548828125e+02,1.271064160391688347e-03
1.435158233642578125e+02,1.070641097612679005e-03
1.437382202148437500e+02,8.795841131359338760e-04
1.439606323242187500e+02,6.965955253690481186e-04
1.441830444335937500e+02,5.203981418162584305e-04
1.444054718017578125e+02,3.499808080960065126e-04
1.446278839111328125e+02,1.845638034865260124e-04
1.448502960205078125e+02,2.350439172005280852e-05
1.450727233886718750e+02,-1.336226268904283643e-04
1.452951507568359375e+02,-2.870887692552059889e-04
1.455175781250000000e+02,-4.372201510705053806e-04
1.457400054931640625e+02,-5.843904800713062286e-04
1.459624328613281250e+02,-7.289642817340791225e-04
1.461848602294921875e+02,-8.708031382411718369e-04
1.464072875976562500e+02,-1.009418978355824947e-03
1.466297302246093750e+02,-1.144708017818629742e-03
1.468521575927734375e+02,-1.276898663491010666e-03
1.470746002197265625e+02,-1.406322000548243523e-03
1.472970428466796875e+02,-1.532627269625663757e-03
1.475194854736328125e+02,-1.654980238527059555e-03
1.477419281005859375e+02,-1.773124560713768005e-03
1.479643707275390625e+02,-1.887300633825361729e-03
1.481868286132812500e+02,-1.997910207137465477e-03
1.484092712402343750e+02,-2.104653511196374893e-03
1.486317291259765625e+02,-2.206722507253289223e-03
1.488541717529296875e+02,-2.303908811882138252e-03
1.490766296386718750e+02,-2.396518364548683167e-03
1.492990875244140625e+02,-2.485020784661173820e-03
1.495215454101562500e+02,-2.569292904809117317e-03
1.497440032958984375e+02,-2.648772671818733215e-03
1.499664764404296875e+02,-2.723391866311430931e-03
1.501889343261718750e+02,-2.793503459542989731e-03
1.504114074707031250e+02,-2.859587315469980240e-03
1.506338653564453125e+02,-2.921701641753315926e-03
1.508563385009765625e+02,-2.979584736749529839e-03
1.510788116455078125e+02,-3.033305518329143524e-03
1.513012847900390625e+02,-3.083214862272143364e-03
1.515237579345703125e+02,-3.129740711301565170e-03
1.517462310791015625e+02,-3.173055825755000114e-03
1.519687042236328125e+02,-3.213132964447140694e-03
1.521911773681640625e+02,-3.250124165788292885e-03
1.524136657714843750e+02,-3.284331876784563065e-03
1.526361389160156250e+02,-3.316092537716031075e-03
1.528586273193359375e+02,-3.345607779920101166e-03
1.530811157226562500e+02,-3.372971201315522194e-03
1.533036041259765625e+02,-3.398349741473793983e-03
1.535260772705078125e+02,-3.421973902732133865e-03
1.537485809326171875e+02,-3.444080473855137825e-03
1.539710693359375000e+02,-3.464834066107869148e-03
1.541935577392578125e+02,-3.484341315925121307e-03
1.544160461425781250e+02,-3.502735868096351624e-03
1.546385498046875000e+02,-3.520174883306026459e-03
1.548610382080078125e+02,-3.536811796948313713e-03
1.550835418701171875e+02,-3.552744397893548012e-03
1.553060455322265625e+02,-3.568025305867195129e-03
1.555285339355468750e+02,-3.582732984796166420e-03
1.557510375976562500e+02,-3.596966853365302086e-03
1.559735412597656250e+02,-3.610827028751373291e-03
1.561960449218750000e+02,-3.624344477429986000e-03
1.564185485839843750e+02,-3.637497778981924057e-03
1.566410675048828125e+02,-3.650313010439276695e-03
1.568635711669921875e+02,-3.662855131551623344e-03
1.570860748291015625e+02,-3.675198648124933243e-03
1.573085937500000000e+02,-3.687327960506081581e-03
1.575311126708984375e+02,-3.699162276461720467e-03
1.577536163330078125e+02,-3.710691817104816437e-03
1.579761352539062500e+02,-3.721967572346329689e-03
1.581986541748046875e+02,-3.733058460056781769e-03
1.584211730957031250e+02,-3.743928391486406326e-03
1.586436920166015625e+02,-3.754466306418180466e-03
1.588662109375000000e+02,-3.764647291973233223e-03
1.590887298583984375e+02,-3.774520941078662872e-03
1.593112487792968750e+02,-3.784160595387220383e-03
1.595337829589843750e+02,-3.793530398979783058e-03
1.597563018798828125e+02,-3.802517196163535118e-03
1.599788360595703125e+02,-3.811097471043467522e-03
1.602013549804687500e+02,-3.819324774667620659e-03
1.604238891601562500e+02,-3.827276872470974922e-03
1.606464233398437500e+02,-3.834930481389164925e-03
1.608689422607421875e+02,-3.842187812551856041e-03
1.610914764404296875e+02,-3.849034663289785385e-03
1.613140106201171875e+02,-3.855528309941291809e-03
1.615365447998046875e+02,-3.861748147755861282e-03
1.617590789794921875e+02,-3.867683932185173035e-03
1.619816131591796875e+02,-3.873259993270039558e-03
1.622041625976562500e+02,-3.878472140058875084e-03
1.624266967773437500e+02,-3.883378580212593079e-03
1.626492309570312500e+02,-3.888054750859737396e-03
1.628717803955078125e+02,-3.892500186339020729e-03
1.630943145751953125e+02,-3.896656911820173264e-03
1.633168640136718750e+02,-3.900528186932206154e-03
1.635394134521484375e+02,-3.904168494045734406e-03
1.637619476318359375e+02,-3.907647449523210526e-03
1.639844970703125000e+02,-3.910966683179140091e-03
1.642070465087890625e+02,-3.914079628884792328e-03
1.644295959472656250e+02,-3.916990011930465698e-03
1.646521453857421875e+02,-3.919748123735189438e-03
1.648746948242187500e+02,-3.922415897250175476e-03
1.650972442626953125e+02,-3.924993332475423813e-03
1.653198089599609375e+02,-3.927434794604778290e-03
1.655423583984375000e+02,-3.929743077605962753e-03
1.657649078369140625e+02,-3.931962419301271439e-03
1.659874725341796875e+02,-3.934148233383893967e-03
1.662100219726562500e+02,-3.936296328902244568e-03
1.664325866699218750e+02,-3.938356880098581314e-03
1.666551361083984375e+02,-3.940329886972904205e-03
1.668777008056640625e+02,-3.942253999412059784e-03
1.671002502441406250e+02,-3.944180905818939209e-03
1.673228149414062500e+02,-3.946100827306509018e-03
1.675453796386718750e+02,-3.947959281504154205e-03
1.677679443359375000e+02,-3.949751146137714386e-03
1.679905090332031250e+02,-3.951513674110174179e-03
1.682130737304687500e+02,-3.953295294195413589e-03
1.684356384277343750e+02,-3.955082502216100693e-03
1.686582031250000000e+02,-3.956817090511322021e-03
1.688807678222656250e+02,-3.958490211516618729e-03
1.691033325195312500e+02,-3.960137255489826202e-03
1.693259124755859375e+02,-3.961807116866111755e-03
1.695484771728515625e+02,-3.963484428822994232e-03
1.697710571289062500e+02,-3.965107724070549011e-03
1.699936218261718750e+02,-3.966666758060455322e-03
1.702162017822265625e+02,-3.968196921050548553e-03
1.704387664794921875e+02,-3.969747573137283325e-03
1.706613464355468750e+02,-3.971302416175603867e-03
1.708839111328125000e+02,-3.972799982875585556e-03
1.711064910888671875e+02,-3.974229563027620316e-03
1.713290710449218750e+02,-3.975627478212118149e-03
1.715516510009765625e+02,-3.977042622864246368e-03
1.717742309570312500e+02,-3.978460095822811127e-03
1.719968109130859375e+02,-3.979818895459175110e-03
1.722193908691406250e+02,-3.981109242886304855e-03
1.724419708251953125e+02,-3.982367925345897675e-03
1.726645507812500000e+02,-3.983643371611833572e-03
1.728871307373046875e+02,-3.984922543168067932e-03
1.731097106933593750e+02,-3.986144904047250748e-03
1.733322906494140625e+02,-3.987302538007497787e-03
1.735548706054687500e+02,-3.988430835306644440e-03
1.737774658203125000e+02,-3.989580087363719940e-03
1.740000457763671875e+02,-3.990735858678817749e-03
1.742226409912109375e+02,-3.991840872913599014e-03
1.744452209472656250e+02,-3.992885816842317581e-03
1.746678161621093750e+02,-3.993907477706670761e-03
1.748903961181640625e+02,-3.994954749941825867e-03
1.751129913330078125e+02,-3.996014595031738281e-03
1.753355712890625000e+02,-3.997029270976781845e-03
1.755581665039062500e+02,-3.997990395873785019e-03
1.757807617187500000e+02,-3.998934291303157806e-03
1.760033569335937500e+02,-3.999909386038780212e-03
1.762259521484375000e+02,-4.000902175903320312e-03
1.764485321044921875e+02,-4.001855384558439255e-03
1.766711273193359375e+02,-4.002760164439678192e-03
1.768937225341796875e+02,-4.003652837127447128e-03
1.771163177490234375e+02,-4.004581365734338760e-03
1.773389129638671875e+02,-4.005531780421733856e-03
1.775615081787109375e+02,-4.006446339190006256e-03
1.777841186523437500e+02,-4.007316660135984421e-03
1.780067138671875000e+02,-4.008177667856216431e-03
1.782293090820312500e+02,-4.009077791124582291e-03
1.784519042968750000e+02,-4.010002594441175461e-03
1.786745147705078125e+02,-4.010893870145082474e-03
1.788971099853515625e+02,-4.011743236333131790e-03
1.791197052001953125e+02,-4.012584686279296875e-03
1.793423156738281250e+02,-4.013466648757457733e-03
1.795649108886718750e+02,-4.014375619590282440e-03
1.797875213623046875e+02,-4.015251062810420990e-03
1.800101165771484375e+02,-4.016085062175989151e-03
1.802327270507812500e+02,-4.016912542283535004e-03
1.804553222656250000e+02,-4.017781000584363937e-03
1.806779327392578125e+02,-4.018676001578569412e-03
1.809005432128906250e+02,-4.019538406282663345e-03
1.811231384277343750e+02,-4.020358901470899582e-03
1.813457489013671875e+02,-4.021172411739826202e-03
1.815683593750000000e+02,-4.022027365863323212e-03
1.817909698486328125e+02,-4.022908862680196762e-03
1.820135803222656250e+02,-4.023757297545671463e-03
1.822361907958984375e+02,-4.024563822895288467e-03
1.824588012695312500e+02,-4.025363363325595856e-03
1.826814117431640625e+02,-4.026203881949186325e-03
1.829040222167968750e+02,-4.027071408927440643e-03
1.831266326904296875e+02,-4.027905408293008804e-03
1.833492431640625000e+02,-4.028697032481431961e-03
1.835718536376953125e+02,-4.029481671750545502e-03
1.837944641113281250e+02,-4.030307754874229431e-03
1.840170745849609375e+02,-4.031160846352577209e-03
1.842396850585937500e+02,-4.031980875879526138e-03
1.844623107910156250e+02,-4.032758530229330063e-03
1.846849212646484375e+02,-4.033529199659824371e-03
1.849075317382812500e+02,-4.034341778606176376e-03
1.851301422119140625e+02,-4.035181831568479538e-03
1.853527679443359375e+02,-4.035988822579383850e-03
1.855753784179687500e+02,-4.036753904074430466e-03
1.857980041503906250e+02,-4.037512466311454773e-03
1.860206146240234375e+02,-4.038313403725624084e-03
1.862432403564453125e+02,-4.039142280817031860e-03
1.864658508300781250e+02,-4.039939027279615402e-03
1.866884765625000000e+02,-4.040693864226341248e-03
1.869110870361328125e+02,-4.041443113237619400e-03
1.871337127685546875e+02,-4.042235203087329865e-03
1.873563385009765625e+02,-4.043055698275566101e-03
1.875789489746093750e+02,-4.043844528496265411e-03
1.878015747070312500e+02,-4.044591914862394333e-03
1.880242004394531250e+02,-4.045333713293075562e-03
1.882468261718750000e+02,-4.046119283884763718e-03
1.884694366455078125e+02,-4.046933259814977646e-03
1.886920623779296875e+02,-4.047715570777654648e-03
1.889146881103515625e+02,-4.048457369208335876e-03
1.891373138427734375e+02,-4.049193579703569412e-03
1.893599395751953125e+02,-4.049973562359809875e-03
1.895825653076171875e+02,-4.050782881677150726e-03
1.898051910400390625e+02,-4.051560536026954651e-03
1.900278167724609375e+02,-4.052297212183475494e-03
1.902504425048828125e+02,-4.053029231727123260e-03
1.904730682373046875e+02,-4.053805023431777954e-03
1.906956939697265625e+02,-4.054610151797533035e-03
1.909183197021484375e+02,-4.055384080857038498e-03
1.911409454345703125e+02,-4.056117031723260880e-03
1.913635711669921875e+02,-4.056844860315322876e-03
1.915861968994140625e+02,-4.057616926729679108e-03
1.918088378906250000e+02,-4.058418795466423035e-03
1.920314636230468750e+02,-4.059188999235630035e-03
1.922540893554687500e+02,-4.059918690472841263e-03
1.924767150878906250e+02,-4.060643259435892105e-03
1.926993560791015625e+02,-4.061412066221237183e-03
1.929219818115234375e+02,-4.062211140990257263e-03
1.931446075439453125e+02,-4.062978085130453110e-03
1.933672485351562500e+02,-4.063704516738653183e-03
1.935898742675781250e+02,-4.064425826072692871e-03
1.938125152587890625e+02,-4.065191838890314102e-03
1.940351409912109375e+02,-4.065987654030323029e-03
1.942577667236328125e+02,-4.066751804202795029e-03
1.944804077148437500e+02,-4.067474976181983948e-03
1.947030334472656250e+02,-4.068193491548299789e-03
1.949256744384765625e+02,-4.068956244736909866e-03
1.951483154296875000e+02,-4.069749265909194946e-03
1.953709411621093750e+02,-4.070510622113943100e-03
1.955935821533203125e+02,-4.071230534464120865e-03
1.958162078857421875e+02,-4.071945790201425552e-03
1.960388488769531250e+02,-4.072705749422311783e-03
1.962614898681640625e+02,-4.073495976626873016e-03
1.964841156005859375e+02,-4.074254538863897324e-03
1.967067565917968750e+02,-4.074971657246351242e-03
1.969293975830078125e+02,-4.075684119015932083e-03
1.971520385742187500e+02,-4.076441749930381775e-03
1.973746643066406250e+02,-4.077229648828506470e-03
1.975973052978515625e+02,-4.077985417097806931e-03
1.978199462890625000e+02,-4.078700207173824310e-03
1.980425872802734375e+02,-4.079410340636968613e-03
1.982652282714843750e+02,-4.080165177583694458e-03
1.984878692626953125e+02,-4.080950748175382614e-03
1.987104949951171875e+02,-4.081704188138246536e-03
1.989331359863281250e+02,-4.082416649907827377e-03
1.991557769775390625e+02,-4.083124455064535141e-03
1.993784179687500000e+02,-4.083877429366111755e-03
1.996010589599609375e+02,-4.084661137312650681e-03
1.998236999511718750e+02,-4.085412714630365372e-03
2.000463409423828125e+02,-4.086122848093509674e-03
2.002689819335937500e+02,-4.086828324943780899e-03
2.004916229248046875e+02,-4.087579902261495590e-03
2.007142639160156250e+02,-4.088361747562885284e-03
2.009369049072265625e+02,-4.089111462235450745e-03
2.011595611572265625e+02,-4.089820198714733124e-03
2.013822021484375000e+02,-4.090523812919855118e-03
2.016048431396484375e+02,-4.091273527592420578e-03
2.018274841308593750e+02,-4.092053975909948349e-03
2.020501251220703125e+02,-4.092802759259939194e-03
2.022727661132812500e+02,-4.093509633094072342e-03
2.024954223632812500e+02,-4.094211850315332413e-03
2.027180633544921875e+02,-4.094960168004035950e-03
2.029407043457031250e+02,-4.095739684998989105e-03
2.031633453369140625e+02,-4.096487071365118027e-03
2.033860015869140625e+02,-4.097192548215389252e-03
2.036086425781250000e+02,-4.097893834114074707e-03
2.038312835693359375e+02,-4.098640754818916321e-03
2.040539398193359375e+02,-4.099419340491294861e-03
2.042765808105468750e+02,-4.100165329873561859e-03
2.044992218017578125e+02,-4.100869875401258469e-03
2.047218780517578125e+02,-4.101570229977369308e-03
2.049445190429687500e+02,-4.102316685020923615e-03
2.051671752929687500e+02,-4.103094339370727539e-03
2.053898162841796875e+02,-4.103839397430419922e-03
2.056124572753906250e+02,-4.104543477296829224e-03
2.058351135253906250e+02,-4.105242434889078140e-03
2.060577545166015625e+02,-4.105988424271345139e-03
2.062804107666015625e+02,-4.106765612959861755e-03
2.065030517578125000e+02,-4.107510205358266830e-03
2.067257080078125000e+02,-4.108212888240814209e-03
2.069483489990234375e+02,-4.108911380171775818e-03
2.071710052490234375e+02,-4.109656438231468201e-03
2.073936614990234375e+02,-4.110433161258697510e-03
2.076163024902343750e+02,-4.111177287995815277e-03
2.078389587402343750e+02,-4.111879505217075348e-03
2.080615997314453125e+02,-4.112577065825462341e-03
2.082842559814453125e+02,-4.113321192562580109e-03
2.085069122314453125e+02,-4.114097449928522110e-03
2.087295532226562500e+02,-4.114840645343065262e-03
2.089522094726562500e+02,-4.115541931241750717e-03
2.091748657226562500e+02,-4.116238560527563095e-03
2.093975067138671875e+02,-4.116982687264680862e-03
2.096201629638671875e+02,-4.117758013308048248e-03
2.098428192138671875e+02,-4.118500743061304092e-03
2.100654602050781250e+02,-4.119201097637414932e-03
2.102881164550781250e+02,-4.119897261261940002e-03
2.105107727050781250e+02,-4.120640456676483154e-03
2.107334289550781250e+02,-4.121415317058563232e-03
2.109560852050781250e+02,-4.122157581150531769e-03
2.111787261962890625e+02,-4.122857935726642609e-03
2.114013824462890625e+02,-4.123553168028593063e-03
2.116240386962890625e+02,-4.124295897781848907e-03
2.118466949462890625e+02,-4.125070758163928986e-03
2.120693511962890625e+02,-4.125812556594610214e-03
2.122920074462890625e+02,-4.126512445509433746e-03
2.125146484375000000e+02,-4.127207677811384201e-03
2.127373046875000000e+02,-4.127949941903352737e-03
2.129599609375000000e+02,-4.128724802285432816e-03
2.131826171875000000e+02,-4.129466600716114044e-03
2.134052734375000000e+02,-4.130166023969650269e-03
2.136279296875000000e+02,-4.130860790610313416e-03
2.138505859375000000e+02,-4.131603520363569260e-03
2.140732421875000000e+02,-4.132377915084362030e-03
2.142958984375000000e+02,-4.133119713515043259e-03
2.145185546875000000e+02,-4.133818671107292175e-03
2.147412109375000000e+02,-4.134513437747955322e-03
2.149638671875000000e+02,-4.135256167501211166e-03
2.151865234375000000e+02,-4.136031027883291245e-03
2.154091796875000000e+02,-4.136772826313972473e-03
2.156318359375000000e+02,-4.137471783906221390e-03
2.158544921875000000e+02,-4.138166550546884537e-03
2.160771484375000000e+02,-4.138909280300140381e-03
2.162998046875000000e+02,-4.139684140682220459e-03
2.165224609375000000e+02,-4.140426404774188995e-03
2.167451171875000000e+02,-4.141125828027725220e-03
2.169677734375000000e+02,-4.141820594668388367e-03
2.171904449462890625e+02,-4.142563324421644211e-03
2.174131011962890625e+02,-4.143339116126298904e-03
2.176357574462890625e+02,-4.144081380218267441e-03
2.178584136962890625e+02,-4.144781269133090973e-03
2.180810699462890625e+02,-4.145476035773754120e-03
2.183037261962890625e+02,-4.146219696849584579e-03
2.185263824462890625e+02,-4.146995954215526581e-03
2.187490539550781250e+02,-4.147738683968782425e-03
2.189717102050781250e+02,-4.148438572883605957e-03
2.191943664550781250e+02,-4.149133805185556412e-03
2.194170227050781250e+02,-4.149877931922674179e-03
2.196396789550781250e+02,-4.150654189288616180e-03
2.198623504638671875e+02,-4.151397384703159332e-03
2.200850067138671875e+02,-4.152097739279270172e-03
2.203076629638671875e+02,-4.152792971581220627e-03
2.205303192138671875e+02,-4.153537098318338394e-03
2.207529907226562500e+02,-4.154314287006855011e-03
2.209756469726562500e+02,-4.155057948082685471e-03
2.211983032226562500e+02,-4.155758302658796310e-03
2.214209747314453125e+02,-4.156454000622034073e-03
2.216436309814453125e+02,-4.157198593020439148e-03
2.218662872314453125e+02,-4.157976247370243073e-03
2.220889587402343750e+02,-4.158719908446073532e-03
2.223116149902343750e+02,-4.159420728683471680e-03
2.225342712402343750e+02,-4.160116892307996750e-03
2.227569427490234375e+02,-4.160861484706401825e-03
2.229795989990234375e+02,-4.161639604717493057e-03
2.232022552490234375e+02,-4.162384197115898132e-03
2.234249267578125000e+02,-4.163085017353296280e-03
2.236475830078125000e+02,-4.163781180977821350e-03
2.238702545166015625e+02,-4.164526704698801041e-03
2.240929107666015625e+02,-4.165305290371179581e-03
2.243155670166015625e+02,-4.166050348430871964e-03
2.245382385253906250e+02,-4.166752099990844727e-03
2.247608947753906250e+02,-4.167448729276657104e-03
2.249835662841796875e+02,-4.168195184320211411e-03
2.252062225341796875e+02,-4.168974701315164566e-03
2.254288940429687500e+02,-4.169720690697431564e-03
2.256515502929687500e+02,-4.170422907918691635e-03
2.258742065429687500e+02,-4.171120468527078629e-03
2.260968780517578125e+02,-4.171867854893207550e-03
2.263195343017578125e+02,-4.172648303210735321e-03
2.265422058105468750e+02,-4.173394758254289627e-03
2.267648620605468750e+02,-4.174097906798124313e-03
2.269875335693359375e+02,-4.174795933067798615e-03
2.272101898193359375e+02,-4.175544250756502151e-03
2.274328613281250000e+02,-4.176325630396604538e-03
2.276555175781250000e+02,-4.177073016762733459e-03
2.278781890869140625e+02,-4.177776165306568146e-03
2.281008605957031250e+02,-4.178475122898817062e-03
2.283235168457031250e+02,-4.179223906248807907e-03
2.285461883544921875e+02,-4.180006217211484909e-03
2.287688446044921875e+02,-4.180754069238901138e-03
2.289915161132812500e+02,-4.181458149105310440e-03
2.292141723632812500e+02,-4.182158038020133972e-03
2.294368438720703125e+02,-4.182907287031412125e-03
2.296595153808593750e+02,-4.183690529316663742e-03
2.298821716308593750e+02,-4.184439778327941895e-03
2.301048431396484375e+02,-4.185144789516925812e-03
2.303274993896484375e+02,-4.185845144093036652e-03
2.305501708984375000e+02,-4.186595790088176727e-03
2.307728424072265625e+02,-4.187379963696002960e-03
2.309954986572265625e+02,-4.188130144029855728e-03
2.312181701660156250e+02,-4.188836086541414261e-03
2.314408416748046875e+02,-4.189537838101387024e-03
2.316634979248046875e+02,-4.190289415419101715e-03
2.318861694335937500e+02,-4.191074986010789871e-03
2.321088409423828125e+02,-4.191826097667217255e-03
2.323314971923828125e+02,-4.192532971501350403e-03
2.325541687011718750e+02,-4.193235188722610474e-03
2.327768402099609375e+02,-4.193987697362899780e-03
2.329994964599609375e+02,-4.194774199277162552e-03
2.332221679687500000e+02,-4.195526707917451859e-03
2.334448394775390625e+02,-4.196234513074159622e-03
2.336674957275390625e+02,-4.196937661617994308e-03
2.338901672363281250e+02,-4.197691567242145538e-03
2.341128387451171875e+02,-4.198479466140270233e-03
2.343355102539062500e+02,-4.199232906103134155e-03
2.345581665039062500e+02,-4.199942108243703842e-03
2.347808380126953125e+02,-4.200646653771400452e-03
2.350035095214843750e+02,-4.201401956379413605e-03
2.352261810302734375e+02,-4.202191252261400223e-03
2.354488372802734375e+02,-4.202946554869413376e-03
2.356715087890625000e+02,-4.203656688332557678e-03
2.358941802978515625e+02,-4.204362165182828903e-03
2.361168518066406250e+02,-4.205118864774703979e-03
2.363395080566406250e+02,-4.205910023301839828e-03
2.365621795654296875e+02,-4.206666722893714905e-03
2.367848510742187500e+02,-4.207378253340721130e-03
2.370075225830078125e+02,-4.208085127174854279e-03
2.372301940917968750e+02,-4.208843223750591278e-03
2.374528503417968750e+02,-4.209635779261589050e-03
2.376755218505859375e+02,-4.210393410176038742e-03
2.378981933593750000e+02,-4.211106337606906891e-03
2.381208648681640625e+02,-4.211814608424901962e-03
2.383435363769531250e+02,-4.212574101984500885e-03
2.385661926269531250e+02,-4.213368054479360580e-03
2.387888641357421875e+02,-4.214127082377672195e-03
2.390115356445312500e+02,-4.214840941131114960e-03
2.392342071533203125e+02,-4.215550143271684647e-03
2.394568786621093750e+02,-4.216311033815145493e-03
2.396795501708984375e+02,-4.217106383293867111e-03
2.399022216796875000e+02,-4.217866808176040649e-03
2.401248779296875000e+02,-4.218581598252058029e-03
2.403475494384765625e+02,-4.219292197376489639e-03
2.405702209472656250e+02,-4.220054484903812408e-03
2.407928924560546875e+02,-4.220851231366395950e-03
2.410155639648437500e+02,-4.221613053232431412e-03
2.412382354736328125e+02,-4.222329240292310715e-03
2.414609069824218750e+02,-4.223041236400604248e-03
2.416835784912109375e+02,-4.223804920911788940e-03
2.419062347412109375e+02,-4.224603530019521713e-03
2.421289062500000000e+02,-4.225366748869419098e-03
2.423515777587890625e+02,-4.226084332913160324e-03
2.425742492675781250e+02,-4.226797726005315781e-03
2.427969207763671875e+02,-4.227562807500362396e-03
2.430195922851562500e+02,-4.228363279253244400e-03
2.432422637939453125e+02,-4.229127895087003708e-03
2.434649353027343750e+02,-4.229846876114606857e-03
2.436876068115234375e+02,-4.230561666190624237e-03
2.439102783203125000e+02,-4.231328144669532776e-03
2.441329498291015625e+02,-4.232130013406276703e-03
2.443556213378906250e+02,-4.232896026223897934e-03
2.445782928466796875e+02,-4.233616869896650314e-03
2.448009643554687500e+02,-4.234332591295242310e-03
2.450236358642578125e+02,-4.235100932419300079e-03
2.452463073730468750e+02,-4.235904198139905930e-03
2.454689788818359375e+02,-4.236672073602676392e-03
2.456916503906250000e+02,-4.237393848598003387e-03
2.459143066406250000e+02,-4.238111432641744614e-03
2.461369781494140625e+02,-4.238881170749664307e-03
2.463596496582031250e+02,-4.239686299115419388e-03
2.465823211669921875e+02,-4.240455571562051773e-03
2.468049926757812500e+02,-4.241179209202528000e-03
2.470276641845703125e+02,-4.241897724568843842e-03
2.472503356933593750e+02,-4.242669325321912766e-03
2.474730072021484375e+02,-4.243475850671529770e-03
2.476956787109375000e+02,-4.244246985763311386e-03
2.479183502197265625e+02,-4.244972020387649536e-03
2.481410369873046875e+02,-4.245691932737827301e-03
2.483637084960937500e+02,-4.246464930474758148e-03
2.485863800048828125e+02,-4.247273784130811691e-03
2.488090515136718750e+02,-4.248046316206455231e-03
2.490317230224609375e+02,-4.248772747814655304e-03
2.492543945312500000e+02,-4.249494522809982300e-03
2.494770660400390625e+02,-4.250269383192062378e-03
2.496997375488281250e+02,-4.251079633831977844e-03
2.499224090576171875e+02,-4.251854028552770615e-03
2.501450805664062500e+02,-4.252581857144832611e-03
2.503677520751953125e+02,-4.253305494785308838e-03
2.505904235839843750e+02,-4.254081752151250839e-03
2.508130950927734375e+02,-4.254894331097602844e-03
2.510357666015625000e+02,-4.255670588463544846e-03
2.512584381103515625e+02,-4.256400279700756073e-03
2.514811096191406250e+02,-4.257124848663806915e-03
2.517037811279296875e+02,-4.257903434336185455e-03
2.519264526367187500e+02,-4.258717410266399384e-03
2.521491241455078125e+02,-4.259495530277490616e-03
2.523718109130859375e+02,-4.260226618498563766e-03
2.525944824218750000e+02,-4.260953050106763840e-03
2.528171539306640625e+02,-4.261733032763004303e-03
2.530398254394531250e+02,-4.262548871338367462e-03
2.532624969482421875e+02,-4.263328388333320618e-03
2.534851684570312500e+02,-4.264060873538255692e-03
2.537078399658203125e+02,-4.264789167791604996e-03
2.539305114746093750e+02,-4.265570547431707382e-03
2.541531829833984375e+02,-4.266388248652219772e-03
2.543758544921875000e+02,-4.267170093953609467e-03
2.545985412597656250e+02,-4.267904441803693771e-03
2.548212127685546875e+02,-4.268634133040904999e-03
2.550438842773437500e+02,-4.269417840987443924e-03
2.552665557861328125e+02,-4.270237870514392853e-03
2.554892272949218750e+02,-4.271021112799644470e-03
2.557118988037109375e+02,-4.271757323294878006e-03
2.559345703125000000e+02,-4.272489342838525772e-03
2.561572570800781250e+02,-4.273274913430213928e-03
2.563799133300781250e+02,-4.274096805602312088e-03
2.566026000976562500e+02,-4.274882376194000244e-03
2.568252563476562500e+02,-4.275620914995670319e-03
2.570479431152343750e+02,-4.276354331523180008e-03
2.572706298828125000e+02,-4.277142230421304703e-03
2.574932861328125000e+02,-4.277966450899839401e-03
2.577159729003906250e+02,-4.278754349797964096e-03
2.579386291503906250e+02,-4.279494285583496094e-03
2.581613159179687500e+02,-4.280229564756155014e-03
2.583840026855468750e+02,-4.281019326299428940e-03
2.586066589355468750e+02,-4.281845409423112869e-03
2.588293457031250000e+02,-4.282634705305099487e-03
2.590520019531250000e+02,-4.283376503735780716e-03
2.592746887207031250e+02,-4.284113645553588867e-03
2.594973449707031250e+02,-4.284904804080724716e-03
2.597200317382812500e+02,-4.285733215510845184e-03
2.599427185058593750e+02,-4.286524374037981033e-03
2.601653747558593750e+02,-4.287267569452524185e-03
2.603880615234375000e+02,-4.288006573915481567e-03
2.606107177734375000e+02,-4.288799595087766647e-03
2.608334045410156250e+02,-4.289629869163036346e-03
2.610560913085937500e+02,-4.290423355996608734e-03
2.612787475585937500e+02,-4.291168414056301117e-03
2.615014343261718750e+02,-4.291909281164407730e-03
2.617240905761718750e+02,-4.292704630643129349e-03
2.619467773437500000e+02,-4.293537233024835587e-03
2.621694641113281250e+02,-4.294332582503557205e-03
2.623921203613281250e+02,-4.295079503208398819e-03
2.626148071289062500e+02,-4.295822232961654663e-03
2.628374633789062500e+02,-4.296619910746812820e-03
2.630601501464843750e+02,-4.297454841434955597e-03
2.632828369140625000e+02,-4.298252053558826447e-03
2.635054931640625000e+02,-4.299001768231391907e-03
2.637281799316406250e+02,-4.299746360629796982e-03
2.639508666992187500e+02,-4.300545901060104370e-03
2.641735229492187500e+02,-4.301383160054683685e-03
2.643962097167968750e+02,-4.302183166146278381e-03
2.646188659667968750e+02,-4.302934277802705765e-03
2.648415527343750000e+02,-4.303681198507547379e-03
2.650642395019531250e+02,-4.304483067244291306e-03
2.652868957519531250e+02,-4.305322654545307159e-03
2.655095825195312500e+02,-4.306124523282051086e-03
2.657322692871093750e+02,-4.306877963244915009e-03
2.659549255371093750e+02,-4.307626280933618546e-03
2.661776123046875000e+02,-4.308430477976799011e-03
2.664002685546875000e+02,-4.309272393584251404e-03
2.666229553222656250e+02,-4.310076124966144562e-03
2.668456420898437500e+02,-4.310831427574157715e-03
2.670682983398437500e+02,-4.311582073569297791e-03
2.672909851074218750e+02,-4.312388133257627487e-03
2.675136718750000000e+02,-4.313231911510229111e-03
2.677363281250000000e+02,-4.314037505537271500e-03
2.679590148925781250e+02,-4.314794670790433884e-03
